S00:1:38	이런 이런……{08}
S01:0:94	방해된단 말이야～{08}
S01:2:130	뭐 선생님 제자가 되고 나서의\n이야기지만{08}
S01:3:17	그럴 줄 알았어{08}
S01:5:10	뭐긴 여기 적힌 걸\n읽었을 뿐이야{08}
S01:6:91	지금 좀 손을 뗄 수가 없거든\n미안하지만\n나중에 다시 와 줄래？{08}
S01:8:51	마법학원에 온 걸 환영해{08}
S01:9:33	나중에 다시 오자{08}
S01:10:25	……전혀 안 들리나 봐\n나중에 다시 올까？{08}
S01:12:10	진정해！{08}
S01:13:20	젠장\n또 실패인가……{08}
S01:17:18	이상한 거 낚지 마{08}
S01:23:15	엘리……\n혹시 옌에 온 걸\n후회하는 거야…………？{08}
S01:25:20	어쨌든 우리도 옌 섬이\n떠나기 전에 돌아가자{08}
S02:0:74	으음{08}
S02:2:214	몸을 쉬게 한다는 뜻에서도\n조용히 있는 게\n좋지 않을까{08}
S02:3:52	그렇게 날뛰면\n쓸데없이 칼로리만\n소모할 뿐인데{08}
S02:4:50	저기 말이야……{08}
S02:6:83	아 알고 있다니까！{08}
S02:7:38	랄리랄라～ 랄리랄리라～♪{08}
S02:8:56	너희도 늘\n놀기만 하지 말고\n제대로 공부해야 한다{08}
S02:9:41	밖의 소란은 대체\n무슨 일인가요？{08}
S02:10:65	……역시 이것도\n약초 아닐까～{08}
S02:11:17	너희 위험한 짓 하다가\n다치지 않게 조심해{08}
S02:12:19	이거야！\n이 디자인이야！\n아아 난 천재야♥{08}
S02:13:7	대체 어떻게 된 건지 원\n이렇게 날씨 좋은 날에……{08}
S02:14:19	일단\n악마성과 바르아 일은 비밀이다\n다들 걱정시키고 싶지 않으니{08}
S02:16:7	변함없는 매일……\n그게 아주 소중한 건데\n다들 금방 잊어버리지{08}
S02:18:21	어쨌든 무리는 하지 말게나{08}
S02:19:3	쳇 몬스터 놈들！\n나한테 덤벼라！！{08}
S02:20:26	……다들\n그렇게 탓하지 말게{08}\n나라고 좋아서\n이런 상태로\n만든 건 아니라네{08}
S02:28:2	여긴 못 건너\n돌아가자{08}
S03:0:71	그렇게 콧김 세게 안 뿜어도\n괜찮아 안 잊었으니까\n엘리 슬슬 가 볼까{08}
S03:1:15	이아손 선생님도 꽤 하네{08}
S03:2:103	어머나……{08}
S03:3:41	마법이 나보다 잘하면\n으스대는 것도 이해하지만……\n레이라도 참……{08}\n아앗……{0d}나 혼자서\n뭘 중얼거리는 걸까{08}
S03:4:52	그럴 리가 없잖아{08}
S03:5:79	같은 여자라고 생각이 안 드네{08}
S03:6:50	………이 선생님이 당황하는 모습은\n평생 걸려도 못 볼 것 같아{08}
S03:8:23	켄트 선생님……\n가끔은 의미 있는 실험도\n해 주세요……{08}
S03:9:25	선생님이라면 공원에 가셨어\n……그 이상은 몰라{08}
S03:10:8	킥킥킥\n다디스 선생님한테 들어갔니？{08}
S03:11:11	역시 옷은 섹시해야\n하는 법이지잉♥{08}
S03:12:12	엘리는 물러{08}
S03:15:5	파도 소리를 계속 듣고 있으면\n역시 졸려{08}
S03:17:40	험담은 본인 앞에서는\n삼가 줘♥{08}
S03:18:5	아아아 한가하다！\n이래선 팔이 무뎌진다！！{08}
S03:20:194	끈질긴 몬스터네{08}
S03:22:1	다리가 부서져서 못 들어가겠어{08}
S04:0:278	레나 일방적인 추측은\n좋지 않아\n얼른 반대쪽으로 가자{08}
S04:1:121	응！ 엘리\n이제 그만 풀 죽어……\n힘내서 가자！{08}
S04:2:181	여기서\n내 입장은………？{08}
S04:3:39	뭐 {0d}뭐라고！\n당장 시험하게 해 줘！{08}
S04:4:61	됐다 어서 가자\n기어를 쓰러뜨리면\n남은 건 동굴을 빠져나가는 것뿐이다{08}
S04:6:44	라～라～랄라～♪{08}
S04:7:58	너희도 휘말린 거야？{08}\n뭐 실패 속에서 태어나는\n성공이 더\n훌륭한 법이니까{08}\n조금만 참자고{08}
S04:8:38	고마워\n계속 마음에 걸렸었어{08}\n휴～ 큰맘 먹고 말하길\n잘했다～{08}\n그대로였으면 점점\n우울해질 뻔했으니까……{08}
S04:9:8	킥킥킥\n이번엔 그 이아손 선생님이랑\n수행한다며？{08}
S04:10:14	결국…………\n덧없이 사라지는구나～{08}
S04:11:5	오！ 오늘쯤\n무슨 일이 있을 것 같은데{08}\n그런 데 휘말릴 것 같은\n얼굴이야 오늘 너희{08}\n하하하！ 기대할게{08}
S04:12:1	더미
S04:13:1	더미
S04:14:5	잡히는 물고기 종류로는\n옌이 최고지{08}
S04:16:43	어 {0d}어째서 레나한테\n용서를 받아야 하는 겐가？{08}
S04:17:2	이아손 선생에게 검을 가르친 건\n다름 아닌 바로 나라고{08}
S04:18:1	더미
S04:19:136	뭐 {0d}{0d}뭐야\n둘이서 날 무시하고{08}{0c}블레이드 따위\n이다음에 어떻게 되든 몰라{08}
S04:20:1	더미
S04:21:17	더미
S04:22:102	아아 알았어 안치{08}
S05:19:4	……{0d}{0d}아무것도 아니야\n방금 일은 잊어 줘{08}{1a}
S06:21:79	옌 섬인가……\n…{0d}{0d}…{0d}{0d}흥！ 인간 따위！{08}
S07:1:21	끝
S07:2:139	끝
S07:3:101	끝
S07:4:57	끝
S07:5:76	끝
S07:6:41	끝
S07:7:37	끝
S07:8:35	끝
S07:9:9	끝
S07:10:10	끝
S07:11:23	끝
S07:12:1	끝
S07:13:31	끝
S07:14:7	끝
S07:15:1	끝
S07:16:25	끝
S07:17:1	끝
S07:18:1	끝
S07:19:3	끝
S07:20:21	끝
S07:21:143	끝
S08:0:24	너 너희 상식과 물리 법칙은\n대체 어떻게 된 거냐！！{08}
S08:1:14	{0c}싫어～！！\n나 집에 갈래！！{08}
S08:2:98	{0c}이 마법은\n블레이드런처를\n더욱 강력하게 다듬은 것이다{08}{0c}합체 마법은 너희\n협력의 성과이기도 하지\n앞으로도 정진하도록{08}
S08:3:108	{0c}레이라 걔\n무섭다 무섭다 하고 소리쳤어{0d}\n……나도 무서웠지만{08}
S08:4:68	{0c}너에게도 언젠가\n진정한 검술이라는 것이\n보이게 될 것이다……{08}
S08:5:59	읽을 시간은 없어！{08}
S08:6:56	{0c}하하하……\n열심히 할게요……{08}
S08:7:18	지상은 공기도 훌륭하군{08}
S08:8:36	{0c}엄청난 일이 벌어졌네요\n이게 발명이었다면\n대단한 일인데요{08}
S08:9:29	{0c}사이스톰은 강력한 마법이야\n쓸 때 조심해{08}
S08:10:5	킥킥킥\n신입생은 다들 귀엽구나♥{08}
S08:11:3	……옆 좀 어떻게 해 줘{08}
S08:12:42	싫어～！！\n나 집에 갈래！！{08}
S08:16:5	뭐어 옌이 불타 버렸다고\n그거 큰일이다！{08}
S08:18:35	{0c}에～ 무슨 소리～？\n난 하나도 모르겠는데～{08}
S08:19:2	있잖아……기분 탓인가\n옌이 불타는 것처럼 보였어{08}
S08:23:54	언젠가 먹여 주마\n그때를 기대하며 기다려라{08}
S09:0:282	끝
S09:1:35	그럼\n우리도 가 볼까{08}
S09:3:92	여…열심히 할게요{08}
S09:4:39	우오랴앗！！{0d}\n기합 연습하는 중이야{08}
S09:5:30	…………{0d}\n그렇구나～{08}
S09:6:37	……미안해{08}
S09:7:22	슬슬 다음 실험 준비를\n해야 하는데\n목적은 뭘로 할까요{08}
S09:8:30	레나는 사이스톰을 익혔다{08}
S09:9:6	자 봉인의 방이 열렸으니\n어떻게 될는지……{08}
S09:12:3	삶의 보람은 배뿐이지……{08}
S09:15:1	리히터 선생님의 건축 마법은\n주문을 외우기만 해도\n건물을 지을 수 있거든{08}
S09:16:54	또 위험해지면\n바로 오거라{08}
S09:17:70	그…그런 건\n혼자 있을 때 해 주세요～{08}
S09:19:1	언제쯤 고쳐지려나～{08}
S10:0:167	바…방금 건 나쁜 꿈이야\n얼른 잊어버리자{08}
S10:1:47	왠지 재밌어 보이는데\n나도 같이 가 볼까{08}
S10:2:170	죄…죄송해요 엘리 씨{08}
S10:4:39	블레이드는\n윈드샷을 익혔다{08}
S10:5:43	결국 내가 책 정리를 계속하냐{08}
S10:6:54	를 쓴다
S10:7:35	슬슬\n그 시기가 가까운지도 몰라{08}
S10:8:30	다음 비행 실험은\n언제로 할까{08}
S10:9:34	윈은 토네이도를 익혔다{08}
S10:10:8	아아 나도 멋 부리고\n어디 나가고 싶은데……\n여긴 옌이니까{08}
S10:11:11	자 다음 디자인에\n착수해야지♥{08}
S10:12:5	완전히 산책이\n버릇이 돼 버렸군{08}
S10:13:5	그…그만두게！！{08}
S10:15:5	유령선 같은 거 안 오려나……{08}
S10:16:15	그…그만두게！！{08}
S10:17:23	레나～\n그러니까 그건 도둑질이야～{08}
S10:18:2	난 천문 마법도 잘한다고{08}
S10:21:66	알았다니까…{0d}{0d}{0d}{0d}\n내가 가져간다고{08}
S10:22:93	아무것도 아니야 레나\n그보다 얼른 하이드 선생님께\n사과해야……{08}
S10:23:26	난 살아 있는 건가？{08}
S10:24:21	그런 동굴까지 숨겨 두다니\n다른 사람이 들어오는 게\n그렇게 싫었던 걸까？{08}
S11:1:27	물론이지！！\n얼른 별보기 탑으로 가자！！{08}
S11:2:196	세니아와 블레이드와 윈은\n저지먼트데이를 익혔다{08}
S11:3:149	윈은\n넥스트월드를 익혔다{08}
S11:4:46	알겠어요！\n고맙습니다\n이아손 선생님！！{08}
S11:5:64	이 이 빚은\n언젠가 갚을 테니까！{08}
S11:6:37	블레이드는 시브레스를 익혔다{08}
S11:7:30	이게 뭐야\n이런 게 말이 되냐고！！{08}
S11:8:32	그게 어디가 축하라는 거야……{08}
S11:9:29	윈은 토네이도를 익혔다{08}
S11:10:8	왠지 불길한 예감이 드네{08}
S11:11:11	분명 축제는 취소겠네{08}
S11:12:28	{0c}…………{08}
S11:13:1	끝
S11:15:3	심장이 멎는 줄 알았어{08}
S11:16:1	끝
S11:17:44	세니아와 블레이드와 윈은\n저지먼트데이를 익혔다{08}
S11:18:1	청룡도 서운하네\n떨어질 거면 떨어진다고 한마디……{08}
S11:19:1	끝
S11:20:101	{0c}내가……　시간의 수호자？{08}
S11:21:1	끝
S11:22:13	리히터 선생님이\n이 다리도 고쳐 주시면\n편할 텐데{08}
S12:0:56	그것도 그렇네{08}
S12:2:223	너희는\n이런 무모한 짓 하면 안 돼{08}
S12:3:198	윈은 넥스트월드를 익혔다{08}
S12:4:61	블레이드는\n드레인슬래시를 익혔다{08}
S12:6:49	엘리와 세니아는\n체인라이트닝을 익혔다{08}
S12:7:47	블레이드는 시브레스를 익혔다{08}
S12:8:41	축하해\n다디스 선생님 일\n베인에 가서도 잊지 마{08}
S12:9:46	세니아와 블레이드는\n라이트닝블레이드를 익혔다{08}
S12:10:61	윈은 토네이도를 익혔다{08}
S12:11:17	또 10년 뒤에는\n청룡님의 변함없는 모습을\n볼 수 있을까{08}
S12:12:23	하늘을 나는 성을 이미지로 한\n캐슬룩이라는 걸\n생각해 봤는데……어때？{08}
S12:13:11	또 그 하늘을 나는 성이\n올 것 같다고 생각하면\n밤에도 잠이 안 와요……{08}
S12:14:14	어쨌든\n에마 선생님께\n옮겨요{08}
S12:15:48	그런가 봐\n자 가자！{08}
S12:16:11	언제든 놀러 오렴！{08}
S12:17:28	그건 그냥 엿듣기잖아……{08}
S12:18:132	세니아와 블레이드와 윈은\n저지먼트데이를 익혔다{08}
S12:19:5	만남이 있으면 이별도 있지\n베인에 가서도 힘내라{08}
S12:26:12	여긴 무너졌어\n못 지나가{08}
S12:28:65	별보기 탑에 갈 거면\n저 구멍으로 가야지？\n다리는 부서진 그대로니까{08}
S12:34:13	그럴지도 모르겠네{08}
S12:35:19	성이…\n하늘에서 성이…{08}
S12:43:111	지금 돌아가서 뭐 하게！\n앞으로 서둘러！！{08}
