S00:1:38	やれやれ……{08}
S01:0:94	ジャマよねぇ～{08}
S01:2:130	まあ　先生に弟子入りしてからの\n話なんだけどね{08}
S01:3:17	いうと思った{08}
S01:5:10	なにって　ここに書いてあるの\n読んだだけだよ{08}
S01:6:91	ちょっと今　手が離せないんだ\n悪いけど\nまた後にしてもらえるかな？{08}
S01:8:51	ようこそ　魔法学園へ{08}
S01:9:33	後で　またこようよ{08}
S01:10:25	……ぜんぜん聞こえてないみたいね\nまた後できましょうか？{08}
S01:12:10	落ち着け！{08}
S01:13:20	チクショー\nまた失敗かぁ……{08}
S01:17:18	変なもの釣らないでね{08}
S01:23:15	エリー……\nもしかして　イェンにきたこと\n後悔してるの…………？{08}
S01:25:20	とにかく　アタシたちもイェン島が\nはなれる前に　もどろうよ{08}
S02:0:74	うーん{08}
S02:2:214	身体を休める意味でも\n静かにしていたら\nいいんじゃないかな{08}
S02:3:52	あんなにあばれちゃ\nムダにカロリー消費する\nだけなのに{08}
S02:4:50	あのねぇ……{08}
S02:6:83	わ　わかってるわよ！{08}
S02:7:38	ラリララ～　ラリラリラ～♪{08}
S02:8:56	あなたたちもいつも\n遊んでばかりいないで\nちゃんと勉強しなきゃだめよ{08}
S02:9:41	外の騒ぎはいったい\n何なのですか？{08}
S02:10:65	……やっぱりこれも\n薬草なんじゃないかなー{08}
S02:11:17	あなたたち危ないことして\nケガしないようにね{08}
S02:12:19	これだわ！\nこのデザインよ！\nああ　あたしって天才曖{08}
S02:13:7	どうなっているんだか　まったく\nこんないい天気の日に……{08}
S02:14:19	とりあえず\n悪魔城とバルアのことは秘密だぞ\nみんなには心配させたくないからの{08}
S02:16:7	かわらない毎日……\nそれがとっても大事なこと\nみんなすぐ忘れてしまうのよね{08}
S02:18:21	とにかく　ムチャはせんようにな{08}
S02:19:3	ちっ　モンスターめ！\nオレにかかってこい！！{08}
S02:20:26	……みんなして\nそう責めんでくれ{08}\nわしとて好きで\nこんな状態に\nしたわけではないんじゃよ{08}
S02:28:2	ここは渡れないよ\nもどろう{08}
S03:0:71	そんなに鼻息　荒くしなくたって\n大丈夫よ　忘れてなんかいないから\nエリー　そろそろいきましょうか{08}
S03:1:15	イアソン先生も結構やるね{08}
S03:2:103	あらら……{08}
S03:3:41	魔法がわたしよりじょうずなら\nいばるのもわかるけど……\nレイラったらもう……{08}\nあぁっ……{0d}わたしはひとりで\nなにブツブツ　いってるのかしら{08}
S03:4:52	なるわけないだろっ{08}
S03:5:79	同じ女とは思えないなぁ{08}
S03:6:50	………この先生のうろたえた姿って\n一生かかっても見られそうにないわ{08}
S03:8:23	ケント先生……\nたまには有意義な実験も\nおこなってください……{08}
S03:9:25	先生なら　公園にいってるわ\n……それ以上は知らない{08}
S03:10:8	くすくすくす\nダディス先生のところへ入ったの？{08}
S03:11:11	やっぱり服は色っぽくなきゃ\nダメよねぇん曖{08}
S03:12:12	エリーは　甘い{08}
S03:15:5	波の音をずっと聞いてると\nやっぱり眠くなるの{08}
S03:17:40	悪口は　本人のいる前じゃ\nえんりょしてね曖{08}
S03:18:5	あぁーー　暇だ！\nこれでは腕がなまる！！{08}
S03:20:194	しつこいモンスターだよね{08}
S03:22:1	橋が壊れてて  入れないね{08}
S04:0:278	レナ　一方的なスイソクは\nよくないよ\nはやく　反対側にいこう{08}
S04:1:121	ねっ！　エリー\nもう落ち込まないで……\n元気だして　いきましょう！{08}
S04:2:181	ここでの\nわたしの立場って………？{08}
S04:3:39	な　{0d}なに！\nさっそく試させてくれ！{08}
S04:4:61	もういい　さっさといくぞ\nギアを倒せば\n後は洞窟を抜けるだけだ{08}
S04:6:44	ラーラーララー♪{08}
S04:7:58	君らも巻き込まれたのかい？{08}\nまっ　失敗の中から生まれる\n成功の方が　より\n素晴らしいんだから{08}\n少しくらい　がまんしようよ{08}
S04:8:38	ありがとう\nずっと気になっていたの{08}\nは～　思い切って　話して\nよかったー{08}\nあのままだったら　どんどん\n落ち込んでしまう所だったもの……{08}
S04:9:8	くすくすくす\n今度はあのイアソン先生と\n修行してるんですって？{08}
S04:10:14	結局…………\nはかなく消えるのね～{08}
S04:11:5	おっ！　今日あたり\n何かありそうだね{08}\nそういうのに　巻き込まれそうな\n顔してるよ　今日のあんたら{08}\nはっはっは！　期待してるよ{08}
S04:12:1	ダミー
S04:13:1	ダミー
S04:14:5	取れる魚の種類じゃ\nイェンが一番だねっ{08}
S04:16:43	ど　{0d}どうして　レナから\nゆるされねばならんのじゃ？{08}
S04:17:2	イアソン先生に剣を教えたのは\n何をかくそう　このオレなのさっ{08}
S04:18:1	ダミー
S04:19:136	な　{0d}{0d}なによ\n２人で　わたしを無視しちゃって{08}{0c}ブレードなんか\nこの後どうなっても知らないからね{08}
S04:20:1	ダミー
S04:21:17	ダミー
S04:22:102	ああ　わかったよ　アンチ{08}
S05:19:4	……{0d}{0d}なんでもないわ\n今のことは　忘れてちょうだい{08}{1a}
S06:21:79	イェン島か……\n…{0d}{0d}…{0d}{0d}ふん！　人間なんて！{08}
S07:1:21	終わり
S07:2:139	終わり
S07:3:101	終わり
S07:4:57	終わり
S07:5:76	終わり
S07:6:41	終わり
S07:7:37	終わり
S07:8:35	終わり
S07:9:9	終わり
S07:10:10	終わり
S07:11:23	終わり
S07:12:1	終わり
S07:13:31	終わり
S07:14:7	終わり
S07:15:1	終わり
S07:16:25	終わり
S07:17:1	終わり
S07:18:1	終わり
S07:19:3	終わり
S07:20:21	終わり
S07:21:143	終わり
S08:0:24	お　おまえらの常識と物理法則は\nどうなっているんだ！！{08}
S08:1:14	{0c}いやーっ！！\nわたし　家に帰りたいよぉ！！{08}
S08:2:98	{0c}この魔法は\nブレードラウンチャーを\nさらに強力にアレンジしたものだ{08}{0c}合体魔法はきみたちの\n協力の成果でもある\nこれからも精進したまえ{08}
S08:3:108	{0c}レイラのやつ\n恐い恐いって叫んでたわよ{0d}\n……わたしも恐かったけど{08}
S08:4:68	{0c}おまえにもいつか\n真の剣技というものが\n見えてくるだろう……{08}
S08:5:59	読んでる時間は　なし！{08}
S08:6:56	{0c}ははは……\nがんばります……{08}
S08:7:18	地上は空気もすばらしいな{08}
S08:8:36	{0c}とんでもないことになりましたね\nこれが発明だったら\nすごいことです{08}
S08:9:29	{0c}サイストームは強力な魔法だよ\n使い方には気をつけてね{08}
S08:10:5	くすくすくす\n新入生ってみんなカワイイわぁ曖{08}
S08:11:3	……となりをどうにかしてくれ{08}
S08:12:42	いやーっ！！\nわたし家に帰りたいよぉ！！{08}
S08:16:5	ええっ　イェンが燃えちゃったって\nそりゃ大変だぁ！{08}
S08:18:35	{0c}え～　なんのことぉ？\nわたし　ぜんぜんわかんなぁい{08}
S08:19:2	なあ……気のせいか\nイェンが燃えていたように見えたぞ{08}
S08:23:54	いつか　食わせてやる\nその時を楽しみに待つがいい{08}
S09:0:282	終わり
S09:1:35	それじゃ\nわたしたちも　いきましょうか{08}
S09:3:92	が…がんばります{08}
S09:4:39	うおりゃあ！！{0d}\n気合いの練習してるんだ{08}
S09:5:30	…………{0d}\nなるほどぉ{08}
S09:6:37	……ごめんなさい{08}
S09:7:22	そろそろ次の実験の準備を\nしなくてはいけないのですが\n目的はどうしましょうかね{08}
S09:8:30	レナはサイストームを覚えた{08}
S09:9:6	さて　開かずの間がひらいて\nどうなることやら……{08}
S09:12:3	生きがいは船だけなのさ……{08}
S09:15:1	リヒター先生の建築魔法ってのは\n魔法を唱えるだけで\n建物がつくれるのさ{08}
S09:16:54	また　あぶなくなったら\nすぐ来るんだよ{08}
S09:17:70	そ…そういうことは\n１人の時にやってくださぁい{08}
S09:19:1	いつになったら直るの\nかしらねぇ～{08}
S10:0:167	い…今のはわるい夢よ\nはやくわすれましょ{08}
S10:1:47	何だか　おもしろそうだな\nオレも一緒にいってみるか{08}
S10:2:170	す…すいません　エリーさん{08}
S10:4:39	ブレードは\nウィンドショットを覚えた{08}
S10:5:43	オレが結局　本の整理を続けるのか{08}
S10:6:54	を使う
S10:7:35	そろそろ\nあの時期が近いのかもね{08}
S10:8:30	つぎの飛行実験は\nいつにするかな{08}
S10:9:34	ウィンはトルネードを覚えた{08}
S10:10:8	あーあ　わたしもおしゃれして\nどこか出かけたいけど……\nここはイェンだしね{08}
S10:11:11	さて　次のデザインに\nとりかからなくっちゃ曖{08}
S10:12:5	すっかり散歩が\nくせになってしまったな{08}
S10:13:5	や…やめるのじゃ！！{08}
S10:15:5	幽霊船とか　こないかしらね……{08}
S10:16:15	や…やめるのじゃ！！{08}
S10:17:23	レナ～\nだから　それじゃドロボウだよ～{08}
S10:18:2	オレは天文魔法もとくいなんだぜ{08}
S10:21:66	わかったわよ…{0d}{0d}{0d}{0d}\nわたしが持っていくってば{08}
S10:22:93	なんでもないよレナ\nそれよりはやくハイド先生に\nあやまらないと……{08}
S10:23:26	オレは生きているのか？{08}
S10:24:21	あんな洞窟までかくしてるなんて\nそんなに他の人が入ってくるのが\nいやだったのかしら？{08}
S11:1:27	もちろんだ！！\nはやく星見の塔へいこうぜ！！{08}
S11:2:196	セニアとブレードとウィンは\nジャッジメントデイを覚えた{08}
S11:3:149	ウィンは\nネクストワールドを覚えた{08}
S11:4:46	わかりました！\nありがとうございます\nイアソン先生！！{08}
S11:5:64	こっ　この借りは\nいつか返すからね！{08}
S11:6:37	ブレードはシーブレスを覚えた{08}
S11:7:30	なんてこったい\nこんなことってありかよ！！{08}
S11:8:32	それのどこがお祝いなのよ……{08}
S11:9:29	ウィンはトルネードを覚えた{08}
S11:10:8	なんか　不吉な予感がするわね{08}
S11:11:11	きっと祭りは取り止めだね{08}
S11:12:28	{0c}…………{08}
S11:13:1	終わり
S11:15:3	心臓が止まるかと思った{08}
S11:16:1	終わり
S11:17:44	セニアとブレードとウィンは\nジャッジメントデイを覚えた{08}
S11:18:1	青竜も　みずくさいな\n落ちるなら落ちるって一言……{08}
S11:19:1	終わり
S11:20:101	{0c}ぼくが……　時の守人？{08}
S11:21:1	終わり
S11:22:13	リヒター先生が\nこの橋も直してくれると\n便利なんだけどね{08}
S12:0:56	それもそうね{08}
S12:2:223	あなたたちは\nこんな無茶をしちゃダメよ{08}
S12:3:198	ウィンはネクストワールドを覚えた{08}
S12:4:61	ブレードは\nドレインスラッシュを覚えた{08}
S12:6:49	エリーとセニアは\nチェーンライトニングを覚えた{08}
S12:7:47	ブレードはシーブレスを覚えた{08}
S12:8:41	おめでとう\nダディス先生のこと\nヴェーンへいってもわすれないでね{08}
S12:9:46	セニアとブレードは\nライトニングブレードを覚えた{08}
S12:10:61	ウィンはトルネードを覚えた{08}
S12:11:17	また　１０年後には\n青竜さまの変わらぬお姿を\n見れるのかしら{08}
S12:12:23	空飛ぶお城をイメージした\nキャッスルルックっていうのを\n考えたんだけど……どうかな？{08}
S12:13:11	また　あの空飛ぶお城が\nくるんじゃないかと思うと\n夜も眠れません……{08}
S12:14:14	とにかく\nエマ先生のところへ\n運びましょう{08}
S12:15:48	そうみたいね\nさあ　いきましょ！{08}
S12:16:11	いつでも遊びにおいで！{08}
S12:17:28	それってただの盗み聞きじゃ……{08}
S12:18:132	セニアとブレードとウィンは\nジャッジメントデイを覚えた{08}
S12:19:5	出会いがあれば別れもある\nヴェーンへいってもがんばれよ{08}
S12:26:12	ここは崩れてる\n通れないぞ{08}
S12:28:65	星見の塔にいくなら\nあの穴からだろ？\n橋は壊れたままなんだからな{08}
S12:34:13	そうかもしれないわね{08}
S12:35:19	城が・・・\n空から、城が・・・{08}
S12:43:111	いま戻ってどうするんだ！\n先へ急ぐぞ！！{08}
