#JP(반각, 8×8 글꼴)	KO — 인물 이름(메뉴 캐릭터 아래)·마법/기술 이름(마법 목록). 띄어쓰기 없음(목록 칸).
ｴﾘｰ	엘리
ﾚﾅ	레나
ｾﾆｱ	세니아
ﾌﾞﾚｰﾄﾞ	블레이드
ｳｨﾝ	윈
ｱｽﾞ	아즈
ｸﾞﾚﾝ	그렌
ﾎｲｯ	핫
ｿｰﾚ	영차
ﾊｯ	핫
ﾂｶﾐﾅｹﾞ	던지기
ｺｵｳﾗﾝﾌﾞ	호왕난무
ｱﾙﾃﾅ	알테나
ｸﾞﾗﾋﾞﾃｨ	그래비티
ﾈｸｽﾄﾜｰﾙﾄﾞ	넥스트월드
ｲﾔｼ	치유
ﾄﾙﾈｰﾄﾞ	토네이도
ﾌﾚｲﾑﾎﾞｯｸｽ	플레임박스
ﾌﾚｲﾑﾎﾞﾑ	플레임봄
ｱｲｽﾗﾝｽ	아이스랜스
ｱｲｽｿｰﾄﾞ	아이스소드
ｼｰﾌﾞﾚｽ	시브레스
ﾚｲﾝﾌﾞﾚｽ	레인브레스
ﾄﾞﾚｲﾝｽﾗｯｼｭ	드레인슬래시
ﾚｲｹﾞｷｹﾝ	영격권
ｳｨﾝﾄﾞｼｮｯﾄ	윈드샷
ｳｲﾝﾄﾞｼｮｯﾄ	윈드샷
ｶｲﾃﾝｷﾞﾘ	회전베기
ｼﾀﾂﾞｷ	혀치기
ﾋｰﾄｱｯﾌﾟ	히트업
ﾗｸﾔｼ	대치유
ｽﾀｰﾚｲ	스타레이
ﾗｲﾄﾚｲ	라이트레이
ﾊﾅﾋﾒﾗﾝﾌﾞ	화희난무
ｻﾝﾀﾞｰﾌﾞﾚｰﾄﾞ	선더블레이드
ｻﾝﾀﾞｰﾌﾞﾚｲﾄﾞ	선더블레이드
ﾗｲｼﾞﾝ	뇌신
ﾗｲ	뇌
ｸｲｯｸ	퀵
ﾐﾅｷﾞﾘ	활력
ｼｰﾙﾄﾞ	실드
ﾊﾟﾁﾊﾟﾁﾎﾞﾑ	파치파치봄
ｻｲｽﾄｰﾑ	사이스톰
ｻｲｽｴｱ	사이스에어
ﾒｲﾐｬｸ	명맥
ﾔｸﾄﾞｳ	약동
ｲｺｲ	휴식
ﾒｻﾞﾒ	각성
ﾔｽﾗｷﾞ	안식
ﾕｳﾜｸ	유혹
ﾎﾞﾑ	봄
ｶﾞﾝｾｷｵﾄｼ	바위던지기
ｿﾆｯｸｳｪｰﾌﾞ	소닉웨이브
ｿﾆｯｸｳｴｰﾌﾞ	소닉웨이브
ﾀﾞｲﾌﾞｱﾀｯｸ	다이브어택
ﾌﾚｲｽﾞ	플레이즈
ﾌﾚｲ	플레이
ｴﾅｼﾞｰﾎﾞｰﾙ	에너지볼
ｼﾞｬｯｼﾞﾒﾝﾄﾃﾞｲ	저지먼트데이
ﾌﾞﾗｯｸﾎｰﾙ	블랙홀
ｳｪﾃﾞｨﾝｸﾞｱﾀｯｸ	웨딩어택
ﾗｲｼﾞﾝｸﾞﾀｲｶﾞｰ	라이징타이거
ﾌﾟﾘｽﾞﾑﾚｲ	프리즘레이
ﾊﾞﾘｱｱﾀｯｸ	배리어어택
ﾏｼﾞｶﾙﾌﾟﾘｽﾞﾑ	매지컬프리즘
ﾗｲﾄﾆﾝｸﾞﾌﾞﾚｰﾄﾞ	라이트닝블레이드
ｱｲｽﾌｧﾝﾀｼﾞｰ	아이스판타지
ｵｰﾛﾗﾚｲﾝ	오로라레인
ﾚﾝｽﾞﾚｲ	렌즈레이
ｾﾌﾞﾝﾍｯﾄﾞﾄﾞﾗｺﾞﾝ	세븐헤드드래곤
ﾌﾚｲｽﾞﾄﾙﾈｰﾄﾞ	플레이즈토네이도
ﾊﾞｯｸﾄﾞﾗﾌﾄ	백드래프트
ﾒｲﾙｼｭﾄﾛｰﾑ	마엘스트롬
ﾌﾞﾚｰﾄﾞﾀﾞｲﾋﾞﾝｸﾞ	블레이드다이빙
ﾌﾞﾚｰﾄﾞﾗｳﾝﾁｬｰ	블레이드런처
ｻﾝﾀﾞｰﾊﾞｰﾄﾞ	선더버드
ﾁｪｰﾝﾗｲﾄﾆﾝｸﾞ	체인라이트닝
ﾗﾌﾞﾘｰﾁｱｶﾞｰﾙ	러블리치어걸
ﾏｼﾞｶﾙﾁｬｰﾑ	매지컬참
ｹﾂﾊﾞﾝ	---
