#전체시각	원문(자동 받아쓰기 → 복원)	번역	비고
0:17	古の盟約により メンフィスの名において 青き星の呪縛より離れ 我が名に従え	태고의 맹약에 따라 멤피스의 이름으로 명한다\n푸른 별의 속박에서 벗어나 내 이름을 따르라	받아쓰기 «イニシエの名薬…メンキス»
0:47	……だ。これさえあれば	……이것만 있으면	⚠앞이 끊김
1:45	我が名はメンフィス。お前に力を与えに来た。力が欲しいか	내 이름은 멤피스. 너에게 힘을 주러 왔다\n힘을...원한다
1:54	力が欲しくば我と共に来るがよい	힘을 원한다면 나와 함께 가자
2:14	なんなのよ、これ。──何あれ? ──知らないんだろう?	뭐야 이거?\n저게 무엇인지 아느냐?	사용자 수정 2026-09-26
2:31	あれは悪魔城ディーじゃん。悪魔城ディー	저건 악마성 디잖아. 악마성 디
2:42	こんなところに封印されていたとは	이런 곳에 봉인되어 있었다니
2:49	なんだお前? 顔に入れ墨なんかして生意気だぜ。──そうだそうだ。生意気っすよ。──入れ墨だなんて、なんて野蛮なんだろうね	뭐야 너? 얼굴에 문신 따위 하고 건방지네\n그래 그래. 건방져요\n문신이라니 참 야만스럽기도 하지	받아쓰기 «入れ済み»
2:59	うるさい。私らの部族じゃ入れ墨は大人の証なんだ。──部族だって。──なんだと?	시끄러워. 우리 부족에선 문신이 어른의 증표야\n부족이래. / 뭐라고?
3:07	何よ、あいつら。嫌な感じね。エリー、ちょっと懲らしめてやりましょうよ。──うん、行こう。──ちょっとあんたたち、何やってんのよ	뭐야, 저 녀석들. 기분 나빠. 엘리, 좀 혼내 주자\n응, 가자\n잠깐 너희들, 뭐 하는 거야!
3:19	なんだチビ、引っ込んでろ。──チビ? 私がチビですって?──それは何?──島だ。島がやってくるぞ	뭐야 꼬맹이, 빠져 있어\n꼬맹이? 내가 꼬맹이라고?\n저건 뭐지? / 섬이다. 섬이 다가온다!
3:28	あれがイェンね	저게 옌이구나
3:42	ふっ、ただならぬ魔力を感じて来てみれば、卑しき人間どもが溢れている。──こんにちは。初めまして。あなたは新しい先生ですか?	흥, 범상치 않은 마력을 느끼고 와 보니\n천한 인간들이 넘쳐나는군\n안녕하세요. 처음 뵙겠습니다. 새로 오신 선생님이세요?
4:02	空を飛ぶ人間までいるとはね。面白いわ。この島をもらうとしよう	하늘을 나는 인간까지 있다니. 재미있네\n이 섬은 내가 가져야겠어
4:23	何、これはあの時の……──イェンの魔力。お前一人では少し荷が重すぎるのではないか。──何を言うか	뭐지, 이건 그때의……\n옌의 마력. 너 혼자서는 좀 버겁지 않겠나\n무슨 소리를
4:34	まあ、そういきり立つな。どうだ? この伝説の悪魔城で、我と共にイェンを手中に収めようではないか。──悪魔城、伝説の……──そう、これが	뭐, 그리 발끈하지 마라. 어떤가?\n이 전설의 악마성으로 나와 함께 옌을 손에 넣지 않겠나\n악마성, 전설의…… / 그래, 이것이
4:47	ディーなのね。──そんなことさせないぞ。──あら。──うわっ	디로구나\n그렇게 두지 않아! / 어머 / 으악
4:59	さて、伝説の悪魔城の力、とくと見せてもらおうかしら。──いや、今日は引き上げる	자, 전설의 악마성의 힘을 똑똑히 보여 주실까?\n아니, 오늘은 물러난다	⚠04 끝/05 시작 경계
5:08	焦ることはない。悪魔城ディーの力をもってすれば、イェンを落とすことなどたやすいことだ。──その言葉、信じていいのかしら?	서두를 것 없다. 악마성 디의 힘이라면\n옌을 함락하는 것쯤 쉬운 일이다\n그 말, 믿어도 될까?
5:17	信じずとも、間もなく目にすることになるだろう。ディーの力を	믿지 않아도 곧 보게 될 것이다. 디의 힘을
5:33	もう、なんでこうなるの? セニアのせいよ。──何言ってんだよ。私のおかげで助かったんだろ?──ちょっと、喧嘩してる場合じゃないよ。早く逃げよう	정말, 왜 이렇게 되는 거야? 세니아 탓이야\n무슨 소리야. 내 덕분에 살았잖아?\n잠깐, 싸울 때가 아니야. 빨리 도망치자	받아쓰기 «ジニア»
5:56	わしの研究所が……誰だ? こんなことをしよったのは。ただでは済まさんぞ。──そ、それについてはセニアから説明があると思います	내 연구소가…… 누구냐? 이런 짓을 한 게\n그냥 넘어가지 않겠다\n그, 그건 세니아가 설명해 줄 거예요
6:08	え、あ、あの、ちょ、ちょっといい? 私は……──で、これが課題の材料です。それじゃあ先生、合格ってことで失礼します	어, 저, 저기, 잠, 잠깐만? 나는……\n그럼 이게 과제 재료예요\n그럼 선생님, 합격인 걸로 알고 실례할게요
6:18	あ、ちょっ、お、裏切り者!──あ、その、なんだ。この化粧は体全体にしないと効果が得られないのだが	아, 잠깐, 배신자!\n아, 그게 말이지. 이 화장은 온몸에 하지 않으면 효과가 없는데
6:29	はい、わかりました。──エリー!──何?──何って、あんたね……──あ、いいわよ、先生	네, 알겠습니다\n엘리! / 왜? / 왜라니, 너 말이야……\n아, 괜찮아요, 선생님
6:47	ええ?──ほら、動いてはいかん。形が崩れてしまう	어?\n자, 움직이면 안 된다. 모양이 흐트러진다
7:04	だって、くすぐったいです。──エリー、いいね、やっぱり	그치만 간지러운걸요\n엘리, 역시 잘 어울리네	⚠뒷말 불확실
7:18	エリーってのはどっちだ?──何よ、あんた?──俺はブレード。イアソン先生の使いで来た。すぐ先生の道場まで来い	엘리가 누구냐? / 뭐야, 너?\n난 블레이드. 이아손 선생님 심부름으로 왔다\n당장 선생님 도장으로 와라	받아쓰기 «ブレードイヤン先生»
7:29	ちょ、ちょっと、エリーに何の用なのよ。──全く、何なのよ、あいつ。──レナが怖い顔したからだよ	잠, 잠깐, 엘리한테 무슨 볼일인데?\n정말 뭐야, 저 녀석\n레나가 무서운 얼굴을 해서 그렇지
7:38	いや、そうじゃなくてさ……あなたたち、イェンの人?	아니, 그게 아니라……\n너희 옌 사람이야?	⚠07 끝/08 시작 경계
7:48	あ、あなた誰?──私? あなたたちのことを聞かせてくれない?	너, 너는 누구야?\n나? 너희 이야기를 들려주지 않을래?
7:56	私たちのことって?──私、人間の暮らしに興味があるの。──私も人魚の暮らしに興味があるんだ。──色々とありがとう	우리 이야기?\n나, 인간의 생활에 관심이 있거든\n나도 인어의 생활에 관심 있어 / 여러모로 고마워
8:07	楽しかったわ。また会えるよね。──もちろんだよ。メリエはここにあるんだから。──じゃあね。また来るよ	즐거웠어. 또 만날 수 있지?\n물론이지. 메리에는 여기 있으니까\n안녕. 또 올게	받아쓰기 «メリア»
8:38	アズ!──セニア。──どうしたんだよ、アズ。私を迎えに来てくれたんだろ? そんな、そんな顔することないじゃないか	아즈! / 세니아\n왜 그래, 아즈. 나를 데리러 와 준 거지?\n그런, 그런 얼굴 할 거 없잖아	받아쓰기 «はず»
8:52	セニア、族長の命令だ。村に帰っていいなずけと結婚式をするんだ。──アズ、なんだってそんなことのために私を迎えに来たっていうのか	세니아, 족장님의 명령이다\n마을로 돌아가 약혼자와 결혼식을 올려라\n아즈, 그런 일 때문에 나를 데리러 왔다는 거야?
9:11	ああ、あの、何ですか?──私の名はバルア。お前の本当の力を理解している者よ	아, 저기, 누구세요?\n내 이름은 바르아. 너의 진정한 힘을 알아보는 자란다
9:22	さあ、私と共に、お前を認めないイェンの奴らに制裁を加えるのよ。さあ、ウィン	자, 나와 함께 너를 인정하지 않는\n옌 녀석들에게 벌을 내리는 거야. 자, 윈
9:38	ごめん。アズ、私のせいでこんな……	미안해. 아즈, 나 때문에 이런……
9:43	セニア……──私、帰るよ。帰って父様の言う通りにする。──すまない	세니아……\n나 돌아갈게. 돌아가서 아버지 말씀대로 할게\n미안하다
9:50	俺に勇気がないばかりに	내게 용기가 없는 탓에	⚠11 끝/12 시작 경계
9:56	アズ……──恩のある族長に逆らうことができなかったんだ。でも、何が一番大切なのか今分かった。セニア、俺と結婚してくれ。一緒に村へ帰ろう	아즈……\n은혜를 입은 족장님을 거스를 수가 없었어\n하지만 무엇이 가장 소중한지 이제 알았어\n세니아, 나와 결혼해 줘. 함께 마을로 돌아가자
10:10	あ……	아……
10:24	ねえ、あなたでしょ? エマ先生のところへ運ばれた新入生って。──俺は○○のウィン	저기, 너지? 에마 선생님께 실려 간 신입생이\n나는 윈	⚠«本ルトの» 고향 이름 불명 → 뺌
10:35	驕り高ぶり、堕落しきったイェンの魔法使いどもに制裁を加えるためにやってきた。覚悟しろ、愚か者ども	오만하고 타락한 옌의 마법사들에게\n벌을 내리러 왔다. 각오해라, 어리석은 것들
10:52	くそっ	젠장
11:18	天と地の封印よ。我が願いに応え、その扉を開け	하늘과 땅의 봉인이여\n내 소원에 응하여 그 문을 열어라	⚠«天たの» 추정
11:29	あ、蝶だ	아, 나비다	받아쓰기 «ジョだ»
11:36	ウィン、どういうこと?	윈, 어떻게 된 거야?
11:37	さ、さあ……──さあって、あんたがやったんでしょ?──そ、それはそうなんですけど	글, 글쎄요……\n글쎄라니, 네가 한 거잖아?\n그, 그건 그렇지만요
11:46	なんだ、なんだ。何があったんだ?──うわあ、開かずの扉が開いてるじゃねえか。──美しい蝶だこと	뭐야 뭐야, 무슨 일이야?\n우와, 봉인의 문이 열려 있잖아!\n아름다운 나비네	받아쓰기 «赤ずの扉»
11:57	こんな美しい蝶がいるところには、きっと素晴らしい財宝もあるんでしょうね	이렇게 아름다운 나비가 있는 곳엔\n분명 멋진 보물도 있겠죠
12:17	ちょっとエリー、何……	잠깐 엘리, 뭐……
12:20	いい?──なんでもない。早く着替えて、レナ	알았지?\n아무것도 아니야. 빨리 갈아입어, 레나	⚠흐름 불확실
12:47	よし、行ってくる	좋아, 다녀올게
13:19	うわあ。──うーっ	우와아 / 으으
13:31	エリー!──星見の塔が……──なんてやつだ。力、すごい力を感じる	엘리! / 별보기 탑이……\n대단한 녀석이군. 엄청난 힘이 느껴져	⚠15 끝
13:57	ディーをどうしたのだ?──何があるというの?	디를 어떻게 한 거냐?\n무슨 일이 있다는 거야?
14:11	あれは悪魔城ディー。──悪魔城など、この星辰機関の敵ではない	저건 악마성 디\n악마성 따위, 이 성진 기관의 적이 아니다	받아쓰기 «精神機関»
14:32	はい	네
15:01	ウィン、大好きよ。──れ、レナさん	윈, 정말 좋아해\n레, 레나 씨
15:25	うわ、なんだ、なんだ。──青竜が落ちていく。──大変だ、青竜が星見の塔に。またハイド先生が……行ってみよう。──私があいつを止める	우와, 뭐야 뭐야 / 청룡이 떨어진다!\n큰일이다, 청룡이 별보기 탑에!\n하이드 선생님이…… 가 보자 / 내가 저 녀석을 막겠어	⚠18(22초) 안에 다 들어가는지
15:45	私がやらなきゃ	내가 해야 해
15:47	エリー、無理よ。一人じゃ危ないわ。やめて	엘리, 무리야. 혼자선 위험해. 그만둬
16:17	どうした?──はあっ。──やあっ	왜 그래? / 하아 / 얍!
16:46	どうした、ディー! 人間どもを追い払え。──メンフィス、メンフィス、メンフィス	왜 그러느냐, 디! 인간들을 쫓아내라!\n멤피스, 멤피스, 멤피스
17:02	メンフィスはいない。今は私がお前の主よ。──メンフィス、メンフィス。──バカモン	멤피스는 없다. 이제는 내가 너의 주인이야\n멤피스, 멤피스 / 바보 같으니!
17:11	メンフィスは青竜の力と共に貴様が食らったではないか。その力で飛べるようになったのが分からないのか?	멤피스는 청룡의 힘과 함께 네놈이 먹어 치우지 않았느냐\n그 힘으로 날 수 있게 된 걸 모르겠느냐?	⚠끝 «メスたずね» 불명
17:31	はあ……	하아……
18:15	ウィン、来なかったね。──うん。あんな意気地なし、関係ないわよ	윈, 안 왔네\n응. 그런 겁쟁이, 상관없어
18:20	レナさん、一人前になったら迎えに行きますから、待っててください	레나 씨, 어엿한 마법사가 되면 데리러 갈 테니\n기다려 주세요	받아쓰기 «レさん»
18:32	こんな大勢の前で、恥ずかしいじゃないの。──早く迎えに来ないと、他にいい人見つけちゃうからね	이렇게 많은 사람 앞에서 부끄럽잖아\n빨리 데리러 오지 않으면 다른 좋은 사람 찾아 버릴 거야	⚠«霊風» 불명(윈?)
