#번호	위치	예산	종류	JP	KO
0	/0@2335	13	W	{09}イェンと青竜	
1	/0@2351	11	W	{09}星を見る力	
2	/0@2364	10	W	あかずの扉	
3	/0@2376	10	W	謎の新入生	
4	/0@2388	12	W	電撃大作戦２	
5	/0@2403	11	W	{09}人魚の宝石	
6	/0@2416	8	W	幽霊の島	
7	/0@2427	15	W	{09}必殺！合体魔法	
8	/0@2444	10	W	電撃大作戦	
9	/0@2456	10	W	魔女バルア	
10	/0@2468	12	W	海をゆく学園	
11	/0@2483	17	W	{09}ものがたりの初め	
12	/0@2503	9	W	{09}第十二章	
13	/0@2515	9	W	{09}第十一章	
14	/0@2527	9	W	{09} 第十章 	
15	/0@2539	9	W	{09} 第九章 	
16	/0@2551	9	W	{09} 第八章 	
17	/0@2563	9	W	{09} 第七章 	
18	/0@2575	9	W	{09} 第六章 	
19	/0@2587	9	W	{09} 第五章 	
20	/0@2599	9	W	{09} 第四章 	
21	/0@2611	9	W	{09} 第三章 	
22	/0@2623	9	W	{09} 第二章 	
23	/0@2635	9	W	{09} 第一章 	
24	/0@2647	9	W	{09}  序章  	
25	/0@4007	7	W	{09}未使用	
26	/0@4016	14	W	使用できません	
27	/0@6544	23	W	   記録を消す（初期化）	
28	/0@6571	26	W	{09} 全ての記録を消しますか？	
29	/0@6599	26	W	{09} （初期化されていません）	
30	/0@6627	12	W	{09} いません．	
31	/0@6640	25	W	 本体ＲＡＭの準備ができて	
32	/0@6667	20	W	{09} ができていません．	
33	/0@6688	25	W	 カートリッジＲＡＭの準備	
34	/0@6715	26	W	{09} バックアップＲＡＭの準備	
35	/0@6743	19	W	{09}（初期化しました）	
36	/0@6764	6	W	した．	
37	/0@6772	24	W	本体ＲＡＭの記録を消しま	
38	/0@6799	15	W	{09}を消しました．	
39	/0@6816	24	W	カートリッジＲＡＭの記録	
40	/0@6843	25	W	{09}バックアップＲＡＭの記録	
41	/0@7607	9	W	{09}います．	
42	/0@7619	25	W	{09}本体ＲＡＭの記録を消して	
43	/0@7647	17	W	{09}を消しています．	
44	/0@7667	23	W	{09}イヤー画面に戻ります．	
45	/0@7692	24	W	ボタンを押すとマルチプレ	
46	/0@7719	21	W	{09}（初期化できません）	
47	/0@7743	17	W	{09}とができません．	
48	/0@7763	25	W	{09}本体ＲＡＭの記録を消すこ	
49	/0@7791	25	W	{09}を消すことができません．	
50	/0@8284	22	W	ゲームを開始しますか？	
51	/0@8308	20	W	ができなくなります．	
52	/0@8331	31	W	{09}このまま開始するとゲームの記録	
53	/0@8364	24	W	17の空き容量が必要です．	
54	/0@8391	31	W	{09}このゲームの記録をするためには	
55	/0@8424	22	W	タ管理画面に進みます．	
56	/0@8448	32	W	まリセットボタンを押すと保存デー	
57	/0@8483	33	W	{09}ＬボタンまたはＲボタンを押したま	
58	/0@8519	33	W	{09}ゲームを再スタートしてください．	
59	/0@8555	33	W	{09}画面で他のゲームの記録を消して、	
60	/0@8591	33	W	{09}セガサターン本体の保存データ管理	
61	/1@1310	2	H	ｯｹ	
62	/1@9446	2	H	ﾀﾀ	
63	/1@69418	2	H	ｯｵ	
64	/1@69430	2	H	ｯｯ	
65	/1@71120	4	H	ｸﾞﾚﾝ	
66	/1@71128	3	H	ｱｽﾞ	
67	/1@71132	3	H	ｳｨﾝ	
68	/1@71136	6	H	ﾌﾞﾚｰﾄﾞ	
69	/1@71144	3	H	ｾﾆｱ	
70	/1@71148	2	H	ﾚﾅ	
71	/1@71152	3	H	ｴﾘｰ	
72	/1@79343	7	W	{09}グレン	
73	/1@79352	4	W	アズ	
74	/1@79359	7	W	{09}ウィン	
75	/1@79368	8	W	ブレード	
76	/1@79379	7	W	{09}セニア	
77	/1@79388	4	W	レナ	
78	/1@79395	7	W	{09}エリー	
79	/1@79404	8	W	宝箱の鍵	
80	/1@79415	11	W	{09}破邪の腕輪	
81	/1@79428	8	W	時の指輪	
82	/1@79439	15	W	{09}壊れたプレート	
83	/1@79456	14	W	開放のプレート	
84	/1@79472	6	W	魔法球	
85	/1@79480	10	W	星界の水晶	
86	/1@79492	8	W	牢屋の鍵	
87	/1@79503	11	W	{09}ラルフの本	
88	/1@79516	10	W	アズの手紙	
89	/1@79528	12	W	メリエの海図	
90	/1@79543	11	W	{09}光る木の板	
91	/1@79556	4	W	宝玉	
92	/1@79563	9	W	{09}ペール水	
93	/1@79575	9	W	{09}コスク草	
94	/1@79587	9	W	{09}パラス石	
95	/1@79599	7	W	{09}謎の石	
96	/1@79608	8	W	気付け薬	
97	/1@79620	2	H	ﾖｯ	
98	/1@79624	3	H	ﾎｲｯ	
99	/1@79628	3	H	ｿｰﾚ	
100	/1@79632	2	H	ﾊｯ	
101	/1@79637	6	H	ﾂｶﾐﾅｹﾞ	
102	/1@79645	7	H	ｺｵｳﾗﾝﾌﾞ	
103	/1@79656	4	H	ｱﾙﾃﾅ	
104	/1@79664	7	H	ｸﾞﾗﾋﾞﾃｨ	
105	/1@79672	9	H	ﾈｸｽﾄﾜｰﾙﾄﾞ	
106	/1@79684	3	H	ｲﾔｼ	
107	/1@79688	6	H	ﾄﾙﾈｰﾄﾞ	
108	/1@79696	9	H	ﾌﾚｲﾑﾎﾞｯｸｽ	
109	/1@79708	7	H	ﾌﾚｲﾑﾎﾞﾑ	
110	/1@79716	6	H	ｱｲｽﾗﾝｽ	
111	/1@79724	7	H	ｱｲｽｿｰﾄﾞ	
112	/1@79732	6	H	ｼｰﾌﾞﾚｽ	
113	/1@79740	7	H	ﾚｲﾝﾌﾞﾚｽ	
114	/1@79748	10	H	ﾄﾞﾚｲﾝｽﾗｯｼｭ	
115	/1@79761	7	H	ﾚｲｹﾞｷｹﾝ	
116	/1@79772	9	H	ｳｨﾝﾄﾞｼｮｯﾄ	
117	/1@79785	7	H	ｶｲﾃﾝｷﾞﾘ	
118	/1@79797	5	H	ｼﾀﾂﾞｷ	
119	/1@79804	7	H	ﾋｰﾄｱｯﾌﾟ	
120	/1@79812	4	H	ﾗｸﾔｼ	
121	/1@79820	5	H	ｽﾀｰﾚｲ	
122	/1@79828	5	H	ﾗｲﾄﾚｲ	
123	/1@79837	8	H	ﾊﾅﾋﾒﾗﾝﾌﾞ	
124	/1@79848	11	H	ｻﾝﾀﾞｰﾌﾞﾚｰﾄﾞ	
125	/1@79860	5	H	ﾗｲｼﾞﾝ	
126	/1@79868	2	H	ﾗｲ	
127	/1@79872	4	H	ｸｲｯｸ	
128	/1@79880	5	H	ﾐﾅｷﾞﾘ	
129	/1@79888	5	H	ｼｰﾙﾄﾞ	
130	/1@79896	9	H	ﾊﾟﾁﾊﾟﾁﾎﾞﾑ	
131	/1@79908	6	H	ｻｲｽﾄｰﾑ	
132	/1@79916	5	H	ｻｲｽｴｱ	
133	/1@79924	5	H	ﾒｲﾐｬｸ	
134	/1@79932	5	H	ﾔｸﾄﾞｳ	
135	/1@79940	3	H	ｲｺｲ	
136	/1@79944	4	H	ﾒｻﾞﾒ	
137	/1@79952	5	H	ﾔｽﾗｷﾞ	
138	/1@79960	4	H	ﾕｳﾜｸ	
139	/1@79968	3	H	ﾎﾞﾑ	
140	/1@79973	8	H	ｶﾞﾝｾｷｵﾄｼ	
141	/1@79984	9	H	ｿﾆｯｸｳｪｰﾌﾞ	
142	/1@79996	9	H	ﾀﾞｲﾌﾞｱﾀｯｸ	
143	/1@80008	5	H	ﾌﾚｲｽﾞ	
144	/1@80016	3	H	ﾌﾚｲ	
145	/1@80020	9	H	ｴﾅｼﾞｰﾎﾞｰﾙ	
146	/1@80032	12	H	ｼﾞｬｯｼﾞﾒﾝﾄﾃﾞｲ	
147	/1@80048	8	H	ﾌﾞﾗｯｸﾎｰﾙ	
148	/1@80076	12	H	ｳｪﾃﾞｨﾝｸﾞｱﾀｯｸ	
149	/1@80092	12	H	ﾗｲｼﾞﾝｸﾞﾀｲｶﾞｰ	
150	/1@80108	8	H	ﾌﾟﾘｽﾞﾑﾚｲ	
151	/1@80120	8	H	ﾊﾞﾘｱｱﾀｯｸ	
152	/1@80132	11	H	ﾏｼﾞｶﾙﾌﾟﾘｽﾞﾑ	
153	/1@80144	13	H	ﾗｲﾄﾆﾝｸﾞﾌﾞﾚｰﾄﾞ	
154	/1@80160	10	H	ｱｲｽﾌｧﾝﾀｼﾞｰ	
155	/1@80172	7	H	ｵｰﾛﾗﾚｲﾝ	
156	/1@80192	6	H	ﾚﾝｽﾞﾚｲ	
157	/1@80200	14	H	ｾﾌﾞﾝﾍｯﾄﾞﾄﾞﾗｺﾞﾝ	
158	/1@80216	11	H	ﾌﾚｲｽﾞﾄﾙﾈｰﾄﾞ	
159	/1@80228	9	H	ﾊﾞｯｸﾄﾞﾗﾌﾄ	
160	/1@80240	9	H	ﾒｲﾙｼｭﾄﾛｰﾑ	
161	/1@80252	14	H	ﾌﾞﾚｰﾄﾞﾀﾞｲﾋﾞﾝｸﾞ	
162	/1@80268	12	H	ﾌﾞﾚｰﾄﾞﾗｳﾝﾁｬｰ	
163	/1@80284	10	H	ｻﾝﾀﾞｰﾊﾞｰﾄﾞ	
164	/1@80296	11	H	ﾁｪｰﾝﾗｲﾄﾆﾝｸﾞ	
165	/1@80308	11	H	ﾗﾌﾞﾘｰﾁｱｶﾞｰﾙ	
166	/1@80320	9	H	ﾏｼﾞｶﾙﾁｬｰﾑ	
167	/1@80331	5	W	{09}ヨッ	
168	/1@80339	27	W	{09}単体・地面に叩きつける攻撃	
169	/1@80368	8	W	ホイッ！	
170	/1@80379	23	W	{09}全体・強力な爆炎の攻撃	
171	/1@80404	8	W	ソーレ！	
172	/1@80415	17	W	{09}単体・爆炎の攻撃	
173	/1@80435	5	W	{09}ハッ	
174	/1@80443	21	W	{09}単体・投げ飛ばす攻撃	
175	/1@80467	9	W	{09}掴み投げ	
176	/1@80479	27	W	{09}単体・光をまとった乱舞攻撃	
177	/1@80508	8	W	虎王乱舞	
178	/1@80519	21	W	{09}全体・聖なる力の攻撃	
179	/1@80543	9	W	{09}アルテナ	
180	/1@80555	21	W	{09}単体・重力による攻撃	
181	/1@80579	11	W	{09}グラビティ	
182	/1@80592	28	W	単体・次元の彼方へ消滅させる	
183	/1@80623	17	W	{09}ネクストワールド	
184	/1@80643	27	W	{09}全体・ＨＰをやや大きく回復	
185	/1@80672	6	W	イヤシ	
186	/1@80680	16	W	全体・竜巻の攻撃	
187	/1@80699	11	W	{09}トルネード	
188	/1@80712	26	W	単体・異次元で爆破する攻撃	
189	/1@80740	16	W	フレイムボックス	
190	/1@80759	23	W	{09}範囲・巨大な火球の攻撃	
191	/1@80784	12	W	フレイムボム	
192	/1@80799	21	W	{09}単体・巨大な氷の攻撃	
193	/1@80823	13	W	{09}アイスランス	
194	/1@80839	15	W	{09}単体・氷の攻撃	
195	/1@80856	12	W	アイスソード	
196	/1@80871	17	W	{09}方向・水流の攻撃	
197	/1@80891	11	W	{09}シーブレス	
198	/1@80904	16	W	全体・水弾の攻撃	
199	/1@80923	13	W	{09}レインブレス	
200	/1@80939	25	W	{09}単体・ＨＰを吸収する剣技	
201	/1@80967	19	W	{09}ドレインスラッシュ	
202	/1@80988	24	W	単体・冷気をまとった剣技	
203	/1@81015	7	W	{09}冷撃剣	
204	/1@81024	18	W	方向・衝撃波で攻撃	
205	/1@81044	16	W	ウィンドショット	
206	/1@81063	23	W	{09}周囲・剣を振り回す攻撃	
207	/1@81088	8	W	回転斬り	
208	/1@81099	23	W	{09}単体・剣を突き刺す攻撃	
209	/1@81124	6	W	下突き	
210	/1@81132	18	W	自分・攻撃力をＵＰ	
211	/1@81152	12	W	ヒートアップ	
212	/1@81167	21	W	{09}全体・ＨＰを少し回復	
213	/1@81191	9	W	{09}ラクヤシ	
214	/1@81203	23	W	{09}方向・強力な光線で攻撃	
215	/1@81228	10	W	スターレイ	
216	/1@81240	16	W	方向・光線で攻撃	
217	/1@81259	11	W	{09}ライトレイ	
218	/1@81272	24	W	単体・雷をまとい乱舞攻撃	
219	/1@81299	9	W	{09}花姫乱舞	
220	/1@81311	21	W	{09}単体・強力な雷の攻撃	
221	/1@81335	17	W	{09}サンダーブレイド	
222	/1@81355	25	W	{09}全体・広範囲に落雷の攻撃	
223	/1@81383	9	W	{09}ライジン	
224	/1@81395	17	W	{09}範囲・落雷の攻撃	
225	/1@81415	5	W	{09}ライ	
226	/1@81423	19	W	{09}単体・素早さをＵＰ	
227	/1@81444	8	W	クイック	
228	/1@81455	27	W	{09}単体・攻撃力と精神力をＵＰ	
229	/1@81484	8	W	ミナギリ	
230	/1@81495	29	W	{09}単体・防御力と耐魔法力をＵＰ	
231	/1@81527	9	W	{09}シールド	
232	/1@81539	27	W	{09}範囲・破裂する樹の実の攻撃	
233	/1@81568	12	W	パチパチボム	
234	/1@81583	25	W	{09}方向・強力な真空波の攻撃	
235	/1@81611	13	W	{09}サイストーム	
236	/1@81627	19	W	{09}単体・真空波の攻撃	
237	/1@81648	10	W	サイスエア	
238	/1@81660	30	W	単体・状態や気絶からの完全回復	
239	/1@81692	10	W	メイミャク	
240	/1@81704	20	W	単体・ＨＰを完全回復	
241	/1@81727	9	W	{09}ヤクドウ	
242	/1@81739	23	W	{09}全体・ＨＰを大きく回復	
243	/1@81764	6	W	イコイ	
244	/1@81772	26	W	単体・状態や気絶からの回復	
245	/1@81800	6	W	メザメ	
246	/1@81808	20	W	単体・ＨＰを少し回復	
247	/1@81831	9	W	{09}ヤスラギ	
248	/1@81843	23	W	{09}単体・お色気で魅了する	
249	/1@81868	8	W	ユウワク	
250	/1@81879	29	W	{09}範囲・空から火球を投げる攻撃	
251	/1@81911	5	W	{09}ボム	
252	/1@81919	29	W	{09}範囲・空から大岩を投げる攻撃	
253	/1@81951	9	W	{09}岩石落し	
254	/1@81963	27	W	{09}方向・高速飛行の衝撃波攻撃	
255	/1@81992	16	W	ソニックウェーブ	
256	/1@82011	27	W	{09}単体・上空からの体当り攻撃	
257	/1@82040	14	W	ダイブアタック	
258	/1@82056	20	W	単体・強力な炎の攻撃	
259	/1@82079	9	W	{09}フレイズ	
260	/1@82091	15	W	{09}単体・炎の攻撃	
261	/1@82108	6	W	フレイ	
262	/1@82116	25	W	第十二章 さよなら魔法学園	
263	/1@82143	22	W	{09}第十一章 イェンと青竜	
264	/1@82167	18	W	{09}第十章 星を見る力	
265	/1@82187	18	W	{09}第九章 あかずの扉	
266	/1@82207	18	W	{09}第八章 謎の新入生	
267	/1@82227	20	W	{09}第七章 電撃大作戦２	
268	/1@82248	17	W	第六章 人魚の宝石	
269	/1@82267	16	W	{09}第五章 幽霊の島	
270	/1@82284	21	W	第四章 必殺！合体魔法	
271	/1@82307	18	W	{09}第三章 電撃大作戦	
272	/1@82327	18	W	{09}第二章 魔女バルア	
273	/1@82347	20	W	{09}第一章 海をゆく学園	
274	/1@82368	21	W	序章 ものがたりの初め	
275	/1@82391	17	W	{09}さよなら魔法学園	
276	/1@82411	13	W	{09}イェンと青竜	
277	/1@82427	11	W	{09}星を見る力	
278	/1@82440	10	W	あかずの扉	
279	/1@82452	10	W	謎の新入生	
280	/1@82464	12	W	電撃大作戦２	
281	/1@82479	11	W	{09}人魚の宝石	
282	/1@82492	8	W	幽霊の島	
283	/1@82503	15	W	{09}必殺！合体魔法	
284	/1@82520	10	W	電撃大作戦	
285	/1@82532	10	W	魔女バルア	
286	/1@82544	12	W	海をゆく学園	
287	/1@82559	17	W	{09}ものがたりの初め	
288	/1@82579	9	W	{09}第十二章	
289	/1@82591	9	W	{09}第十一章	
290	/1@82603	9	W	{09} 第十章 	
291	/1@82615	9	W	{09} 第九章 	
292	/1@82627	9	W	{09} 第八章 	
293	/1@82639	9	W	{09} 第七章 	
294	/1@82651	9	W	{09} 第六章 	
295	/1@82663	9	W	{09} 第五章 	
296	/1@82675	9	W	{09} 第四章 	
297	/1@82687	9	W	{09} 第三章 	
298	/1@82699	9	W	{09} 第二章 	
299	/1@82711	9	W	{09} 第一章 	
300	/1@82723	9	W	{09}  序章  	
301	/1@82735	9	W	{09}システム	
302	/1@82747	17	W	{09}ステータスを見る	
303	/1@82767	11	W	{09}魔法を使う	
304	/1@82780	14	W	設定を変更する	
305	/1@82796	22	W	ゲームの記録を読み込む	
306	/1@82820	18	W	ゲームの記録をする	
307	/1@94367	17	W	{09}読み込みますか？	
308	/1@95151	19	W	{09}を上書きしますか？	
309	/1@95576	20	W	記録できませんでした	
310	/1@95599	23	W	{09}ボタンを押してください	
311	/1@96263	7	W	{09}未使用	
312	/1@96272	14	W	使用できません	
313	/1@96307	21	W	{09}正しくないデータです	
314	/1@98531	9	W	{09}モノラル	
315	/1@98543	9	W	{09}ステレオ	
316	/1@99568	6	W	フリー	
317	/1@100403	13	W	{09}ＭＰ:%3d/%3d	
318	/1@100419	11	W	{09}攻撃力:%3d	
319	/1@100432	10	W	防御力:%3d	
320	/1@100444	10	W	素早さ:%3d	
321	/1@100456	10	W	精神力:%3d	
322	/1@100468	10	W	耐魔力:%3d	
323	/1@100503	5	W	{09}なし	
324	/1@100520	8	W	合体魔法	
325	/1@101579	11	W	{09}次のレベル	
326	/1@101592	4	W	あと	
327	/1@118914	2	H	ｿｵ	
328	/1@239594	2	H	ﾌﾌ	
329	/1@239618	2	H	ﾌﾌ	
330	/1@248590	2	H	ｯｨ	
331	/1@248682	2	H	ﾎﾔ	
332	/2@66678	2	H	ﾈｼ	
333	/2@81550	2	H	ﾈｼ	
334	/2@107796	8	W	あがった	
335	/2@107816	22	W	合体魔法になりそうだ！	
336	/2@107859	9	W	{09}を覚えた	
337	/2@107871	9	W	{09}全滅した	
338	/2@107883	21	W	{09}戦闘から逃亡しました	
339	/2@107907	5	W	{09}逃走	
340	/2@107915	5	W	{09}戦う	
341	/2@107923	5	W	{09}防御	
342	/2@107931	5	W	{09}魔法	
343	/2@107939	9	W	{09}合体魔法	
344	/2@107951	5	W	{09}攻撃	
345	/2@107971	13	W	{09}戦闘に勝った	
346	/2@107987	15	W	{09}の経験値を得た	
347	/2@108004	8	W	はレベル	
348	/2@108015	9	W	{09}になった	
349	/2@108032	8	W	耐魔法力	
350	/2@108043	7	W	{09}精神力	
351	/2@108052	6	W	素早さ	
352	/2@108060	6	W	防御力	
353	/2@108068	6	W	攻撃力	
354	/2@108076	4	W	ＭＰ	
355	/2@108083	5	W	{09}ＨＰ	
356	/2@117688	3	H	ｱｽﾞ	
357	/2@117692	3	H	ｳｨﾝ	
358	/2@117696	6	H	ﾌﾞﾚｰﾄﾞ	
359	/2@117704	3	H	ｾﾆｱ	
360	/2@117708	2	H	ﾚﾅ	
361	/2@117712	3	H	ｴﾘｰ	
362	/2@117716	6	W	グレン	
363	/2@117724	4	W	アズ	
364	/2@117731	7	W	{09}ウィン	
365	/2@117740	8	W	ブレード	
366	/2@117751	7	W	{09}セニア	
367	/2@117760	4	W	レナ	
368	/2@117767	7	W	{09}エリー	
369	/2@139188	27	W	ぼかぁもうだめです\nはぁはぁ	
370	/2@192446	2	H	ｿｵ	
371	/2@207242	2	H	ｯｭ	
372	/2@214162	2	H	ｯﾎ	
373	/2@246786	2	H	ｯﾜ	
374	/2@246978	2	H	ｯﾜ	
375	/2@283420	6	W	エリー	
376	/2@283428	4	W	レナ	
377	/2@283436	6	W	セニア	
378	/2@283444	8	W	ブレード	
379	/2@283456	6	W	ウィン	
380	/2@283464	4	W	アズ	
381	/2@283472	6	W	グレン	
382	/2@284479	8	W	フレイズ	
383	/2@284498	4	W	ボム	
384	/2@284517	14	W	ダイブアタック	
385	/2@284536	10	W	岩石落とし	
386	/2@284555	16	W	ソニックウェーブ	
387	/2@284574	8	W	ユウワク	
388	/2@284593	8	W	ユウワク	
389	/2@284612	10	W	サイスエア	
390	/2@284631	12	W	サイストーム	
391	/2@284650	12	W	サイストーム	
392	/2@284669	8	W	ミナギリ	
393	/2@284688	8	W	クイック	
394	/2@284707	12	W	パチパチボム	
395	/2@284726	8	W	シールド	
396	/2@284745	8	W	ヤスラギ	
397	/2@284764	6	W	イコイ	
398	/2@284783	10	W	メイミャク	
399	/2@284802	8	W	ヤクドウ	
400	/2@284821	4	W	ライ	
401	/2@284840	8	W	ライジン	
402	/2@284859	10	W	ライトレイ	
403	/2@284878	10	W	スターレイ	
404	/2@284897	8	W	花姫乱舞	
405	/2@284916	12	W	レインブレス	
406	/2@284935	10	W	シーブレス	
407	/2@284954	6	W	冷撃剣	
408	/2@284973	12	W	ヒートアップ	
409	/2@284992	16	W	ウィンドショット	
410	/2@285011	18	W	ドレインスラッシュ	
411	/2@285030	6	W	下突き	
412	/2@285049	8	W	回転斬り	
413	/2@285068	12	W	アイスソード	
414	/2@285087	12	W	アイスランス	
415	/2@285106	10	W	トルネード	
416	/2@285125	12	W	フレイムボム	
417	/2@285144	8	W	アルテナ	
418	/2@285163	4	W	欠番	
419	/2@285182	16	W	ネクストワールド	
420	/2@285201	4	W	欠番	
421	/2@285220	16	W	フレイムボックス	
422	/2@285239	10	W	グラビティ	
423	/2@285258	8	W	虎王乱舞	
424	/2@285277	8	W	掴み投げ	
425	/2@285296	16	W	サンダーブレイド	
426	/2@285315	6	W	ハッ！	
427	/2@285334	8	W	ソーレ！	
428	/2@285353	6	W	ヨッ！	
429	/2@285372	8	W	ホイッ！	
430	/2@285391	10	W	メイミャク	
431	/2@285410	6	W	イヤシ	
432	/2@285429	6	W	メザメ	
433	/2@285448	8	W	ラクヤシ	
434	/2@285467	20	W	ライトニングブレード	
435	/2@285488	14	W	ブラックホール	
436	/2@285509	20	W	ブレードラウンチャー	
437	/2@285530	18	W	ブレードダイビング	
438	/2@285551	18	W	メイルシュトローム	
439	/2@285572	16	W	マジカルプリズム	
440	/2@285593	16	W	大車輪スペシャル	
441	/2@285614	14	W	バックドラフト	
442	/2@285635	18	W	フレイズトルネード	
443	/2@285656	20	W	チェーンライトニング	
444	/2@285677	14	W	サンダーバード	
445	/2@285698	4	W	欠番	
446	/2@285719	20	W	セブンヘッドドラゴン	
447	/2@285740	12	W	風のヤスラギ	
448	/2@285761	14	W	オーロラレイン	
449	/2@285782	18	W	アイスファンタジー	
450	/2@285803	14	W	バリアアタック	
451	/2@285824	10	W	レンズレイ	
452	/2@285845	18	W	ライジングタイガー	
453	/2@285866	20	W	ウェディングアタック	
454	/2@285887	12	W	プリズムレイ	
455	/2@285908	16	W	マジカルチャーム	
456	/2@285929	18	W	ラブリーチアガール	
457	/2@285950	14	W	エナジーボール	
458	/2@285971	18	W	ジャッジメントデイ	
459	/2@285992	3	H	ﾌﾚｲ	
460	/2@285996	5	H	ﾌﾚｲｽﾞ	
461	/2@286004	3	H	ﾎﾞﾑ	
462	/2@286008	9	H	ﾀﾞｲﾌﾞｱﾀｯｸ	
463	/2@286032	9	H	ｿﾆｯｸｳｴｰﾌﾞ	
464	/2@286044	4	H	ﾕｳﾜｸ	
465	/2@286052	4	H	ﾕｳﾜｸ	
466	/2@286060	5	H	ｻｲｽｴｱ	
467	/2@286068	6	H	ｻｲｽﾄｰﾑ	
468	/2@286076	6	H	ｻｲｽﾄｰﾑ	
469	/2@286084	5	H	ﾐﾅｷﾞﾘ	
470	/2@286092	4	H	ｸｲｯｸ	
471	/2@286100	9	H	ﾊﾟﾁﾊﾟﾁﾎﾞﾑ	
472	/2@286112	5	H	ｼｰﾙﾄﾞ	
473	/2@286120	5	H	ﾔｽﾗｷﾞ	
474	/2@286128	3	H	ｲｺｲ	
475	/2@286132	5	H	ﾒｲﾐｬｸ	
476	/2@286140	5	H	ﾔｸﾄﾞｳ	
477	/2@286148	2	H	ﾗｲ	
478	/2@286152	5	H	ﾗｲｼﾞﾝ	
479	/2@286160	5	H	ﾗｲﾄﾚｲ	
480	/2@286168	5	H	ｽﾀｰﾚｲ	
481	/2@286188	7	H	ﾚｲﾝﾌﾞﾚｽ	
482	/2@286196	6	H	ｼｰﾌﾞﾚｽ	
483	/2@286212	7	H	ﾋｰﾄｱｯﾌﾟ	
484	/2@286220	9	H	ｳｲﾝﾄﾞｼｮｯﾄ	
485	/2@286232	10	H	ﾄﾞﾚｲﾝｽﾗｯｼｭ	
486	/2@286260	7	H	ｱｲｽｿｰﾄﾞ	
487	/2@286268	6	H	ｱｲｽﾗﾝｽ	
488	/2@286276	6	H	ﾄﾙﾈｰﾄﾞ	
489	/2@286284	7	H	ﾌﾚｲﾑﾎﾞﾑ	
490	/2@286292	4	H	ｱﾙﾃﾅ	
491	/2@286300	5	H	ｹﾂﾊﾞﾝ	
492	/2@286308	9	H	ﾈｸｽﾄﾜｰﾙﾄﾞ	
493	/2@286320	5	H	ｹﾂﾊﾞﾝ	
494	/2@286328	9	H	ﾌﾚｲﾑﾎﾞｯｸｽ	
495	/2@286340	7	H	ｸﾞﾗﾋﾞﾃｨ	
496	/2@286364	11	H	ｻﾝﾀﾞｰﾌﾞﾚｲﾄﾞ	
497	/2@286400	5	H	ﾒｲﾐｬｸ	
498	/2@286408	3	H	ｲﾔｼ	
499	/2@286412	4	H	ﾒｻﾞﾒ	
500	/2@286420	4	H	ﾗｸﾔｼ	
501	/2@286428	13	H	ﾗｲﾄﾆﾝｸﾞﾌﾞﾚｰﾄﾞ	
502	/2@286444	8	H	ﾌﾞﾗｯｸﾎｰﾙ	
503	/2@286456	12	H	ﾌﾞﾚｰﾄﾞﾗｳﾝﾁｬｰ	
504	/2@286472	14	H	ﾌﾞﾚｰﾄﾞﾀﾞｲﾋﾞﾝｸﾞ	
505	/2@286488	9	H	ﾒｲﾙｼｭﾄﾛｰﾑ	
506	/2@286500	11	H	ﾏｼﾞｶﾙﾌﾟﾘｽﾞﾑ	
507	/2@286528	9	H	ﾊﾞｯｸﾄﾞﾗﾌﾄ	
508	/2@286540	11	H	ﾌﾚｲｽﾞﾄﾙﾈｰﾄﾞ	
509	/2@286552	11	H	ﾁｪｰﾝﾗｲﾄﾆﾝｸﾞ	
510	/2@286564	10	H	ｻﾝﾀﾞｰﾊﾞｰﾄﾞ	
511	/2@286576	5	H	ｹﾂﾊﾞﾝ	
512	/2@286584	14	H	ｾﾌﾞﾝﾍｯﾄﾞﾄﾞﾗｺﾞﾝ	
513	/2@286612	7	H	ｵｰﾛﾗﾚｲﾝ	
514	/2@286620	10	H	ｱｲｽﾌｧﾝﾀｼﾞｰ	
515	/2@286632	8	H	ﾊﾞﾘｱｱﾀｯｸ	
516	/2@286644	6	H	ﾚﾝｽﾞﾚｲ	
517	/2@286652	12	H	ﾗｲｼﾞﾝｸﾞﾀｲｶﾞｰ	
518	/2@286668	12	H	ｳｪﾃﾞｨﾝｸﾞｱﾀｯｸ	
519	/2@286684	8	H	ﾌﾟﾘｽﾞﾑﾚｲ	
520	/2@286696	9	H	ﾏｼﾞｶﾙﾁｬｰﾑ	
521	/2@286708	11	H	ﾗﾌﾞﾘｰﾁｱｶﾞｰﾙ	
522	/2@286720	9	H	ｴﾅｼﾞｰﾎﾞｰﾙ	
523	/2@286732	12	H	ｼﾞｬｯｼﾞﾒﾝﾄﾃﾞｲ	
524	/2@286748	14	W	単体・炎の攻撃	
525	/2@286764	20	W	単体・強力な炎の攻撃	
526	/2@286788	28	W	範囲・空から火球を投げる攻撃	
527	/2@286820	26	W	単体・上空からの体当り攻撃	
528	/2@286848	28	W	範囲・空から大岩を投げる攻撃	
529	/2@286880	26	W	方向・高速飛行の衝撃波攻撃	
530	/2@286908	22	W	単体・お色気で魅了する	
531	/2@286932	22	W	単体・お色気で魅了する	
532	/2@286956	18	W	単体・真空波の攻撃	
533	/2@286976	24	W	方向・強力な真空波の攻撃	
534	/2@287004	24	W	方向・強力な真空波の攻撃	
535	/2@287032	26	W	単体・攻撃力と精神力をＵＰ	
536	/2@287060	18	W	単体・素早さをＵＰ	
537	/2@287080	26	W	範囲・破裂する樹の実の攻撃	
538	/2@287108	28	W	単体・防御力と耐魔法力をＵＰ	
539	/2@287140	20	W	単体・ＨＰを少し回復	
540	/2@287164	22	W	全体・ＨＰを大きく回復	
541	/2@287188	28	W	単体・状態や気絶から完全回復	
542	/2@287220	20	W	単体・ＨＰを完全回復	
543	/2@287244	16	W	範囲・落雷の攻撃	
544	/2@287264	24	W	全体・広範囲に落雷の攻撃	
545	/2@287292	16	W	方向・光線で攻撃	
546	/2@287312	22	W	方向・強力な光線で攻撃	
547	/2@287336	24	W	単体・雷をまとい乱舞攻撃	
548	/2@287364	16	W	全体・水弾の攻撃	
549	/2@287384	16	W	方向・水流の攻撃	
550	/2@287404	28	W	単体・冷気をまとった剣で攻撃	
551	/2@287436	18	W	自分・攻撃力をＵＰ	
552	/2@287456	18	W	方向・衝撃波で攻撃	
553	/2@287476	28	W	単体・敵のＨＰを吸収する攻撃	
554	/2@287508	22	W	単体・剣を突き刺す攻撃	
555	/2@287532	22	W	周囲・剣を振り回す攻撃	
556	/2@287556	14	W	単体・氷の攻撃	
557	/2@287572	20	W	単体・巨大な氷の攻撃	
558	/2@287596	16	W	全体・竜巻の攻撃	
559	/2@287616	22	W	範囲・巨大な火球の攻撃	
560	/2@287640	20	W	全体・聖なる力の攻撃	
561	/2@287664	4	W	欠番	
562	/2@287672	28	W	単体・次元の彼方へ消滅させる	
563	/2@287704	4	W	欠番	
564	/2@287712	26	W	単体・異次元で爆破する攻撃	
565	/2@287740	20	W	単体・重力による攻撃	
566	/2@287764	26	W	単体・光をまとった乱舞攻撃	
567	/2@287792	20	W	単体・投げ飛ばす攻撃	
568	/2@287816	20	W	単体・強力な雷の攻撃	
569	/2@287840	16	W	単体・爆炎の攻撃	
570	/2@287860	22	W	全体・強力な爆炎の攻撃	
571	/2@287884	22	W	全体・ＨＰを大きく回復	
572	/2@287908	26	W	単体・地面に叩きつける攻撃	
573	/2@287936	28	W	単体・状態や気絶から完全回復	
574	/2@287968	26	W	全体・ＨＰをやや大きく回復	
575	/2@287996	24	W	単体・状態や気絶から回復	
576	/2@288024	20	W	全体・ＨＰを少し回復	
577	/2@288048	28	W	単体・雷と剣技を合わせて攻撃	
578	/2@288080	28	W	全体・次元の彼方へ消滅させる	
579	/2@288112	22	W	単体・飛行と剣技の合体	
580	/2@288136	26	W	単体・高速飛行と剣技の合体	
581	/2@288164	22	W	全体・水流と竜巻の合体	
582	/2@288188	28	W	全体・魔法攻撃を１回だけ半減	
583	/2@288220	22	W	単体・雷をまとって突撃	
584	/2@288244	24	W	単体・閉じこめて炎で攻撃	
585	/2@288272	20	W	全体・炎と竜巻の合体	
586	/2@288296	20	W	全体・炎と落雷の合体	
587	/2@288320	28	W	単体・空から雷をまとって攻撃	
588	/2@288352	4	W	欠番	
589	/2@288360	24	W	全体・高速飛行と炎の合体	
590	/2@288388	22	W	全体・ＨＰ毎ターン回復	
591	/2@288412	28	W	全体・攻撃と回復を同時に行う	
592	/2@288444	22	W	方向・氷のつぶてで攻撃	
593	/2@288468	26	W	単体・閉じこめて光線で攻撃	
594	/2@288496	26	W	方向・増強された光線で攻撃	
595	/2@288524	28	W	単体・雷光をまとった乱舞攻撃	
596	/2@288556	26	W	単体・愛のツープラトン乱舞	
597	/2@288584	24	W	全体・冷凍レーザーの攻撃	
598	/2@288612	28	W	全体・ふたりの魅力で敵を魅了	
599	/2@288644	26	W	全体・攻撃力と精神力をＵＰ	
600	/2@288672	28	W	全体・みんなの力を合せた攻撃	
601	/2@288704	16	W	全体・大嵐の攻撃	
602	/2@288724	14	W	ソウルショット	
603	/2@288740	20	W	ファントムハンキング	
604	/2@288764	14	W	サモンゴースト	
605	/2@288780	16	W	フレイムショット	
606	/2@288800	14	W	ソニックハンド	
607	/2@288816	12	W	フレイムエア	
608	/2@288832	14	W	アイスショット	
609	/2@288848	14	W	プラズマハンド	
610	/2@288864	14	W	サンダーレイン	
611	/2@288880	10	W	スターレイ	
612	/2@288892	12	W	アイスソード	
613	/2@288908	8	W	ライジン	
614	/2@288920	6	W	イヤシ	
615	/2@288928	6	W	フレイ	
616	/2@288936	8	W	フレイズ	
617	/2@288948	20	W	イリュージョンダイブ	
618	/2@288972	16	W	モルフォレーザー	
619	/2@288992	14	W	ソニックパルス	
620	/2@289008	10	W	告死命奪光	
621	/2@289020	10	W	告死鬼極縛	
622	/2@289036	12	W	ゴッツアーン	
623	/2@289056	12	W	ヒッププレス	
624	/2@289076	12	W	ゴッツアーン	
625	/2@289092	20	W	ガンセキチュウイホウ	
626	/2@289116	16	W	ファイヤーボール	
627	/2@289136	16	W	フレイムアタック	
628	/2@289156	4	W	ボム	
629	/2@289164	10	W	吸命の吐息	
630	/2@289176	8	W	裁きの雷	
631	/2@289188	10	W	地獄の炎撃	
632	/2@289200	10	W	地獄の業火	
633	/2@289212	12	W	オーラパンチ	
634	/2@289228	18	W	ファイナルキャノン	
635	/2@289248	14	W	マックスソウル	
636	/2@289264	18	W	パワーオーラパンチ	
637	/2@289288	18	W	アトミックキャノン	
638	/2@289308	12	W	オクトスピア	
639	/2@289324	14	W	スモークブレス	
640	/2@289340	12	W	オクトランス	
641	/2@289360	4	W	突進	
642	/2@289372	10	W	ハウリング	
643	/2@289384	4	W	突撃	
644	/2@289396	10	W	スクリーム	
645	/2@289412	16	W	ポイズンパウダー	
646	/2@289436	16	W	パニックパウダー	
647	/2@289464	6	W	消化液	
648	/2@289472	12	W	ポイズンガス	
649	/2@289492	16	W	サイズスラッシュ	
650	/2@289516	18	W	レイザースラッシュ	
651	/2@289540	16	W	フェザーアタック	
652	/2@289564	16	W	ヴェノムフレイム	
653	/2@289584	6	W	ヘルプ	
654	/2@289596	6	W	ヘルプ	
655	/2@289608	16	W	ファイヤーブレス	
656	/2@289628	6	W	ヘルプ	
657	/2@289640	16	W	フレアスピリット	
658	/2@289660	10	W	イビルアイ	
659	/2@289676	10	W	マルチプル	
660	/2@289688	12	W	コールドアイ	
661	/2@289708	12	W	ディヴァイド	
662	/2@289724	12	W	プラズマアイ	
663	/2@289744	18	W	ウォータースパウト	
664	/2@289764	18	W	アクアプレッシャー	
665	/2@289788	16	W	ポイズンスパウト	
666	/2@289812	12	W	バブルブレス	
667	/2@289832	14	W	バブリ－ブレス	
668	/2@289852	14	W	ソニックブーム	
669	/2@289872	14	W	ヴァキューティ	
670	/2@289892	16	W	ソニックブレスト	
671	/2@289916	14	W	ミサイルキック	
672	/2@289932	14	W	ミスティフレイ	
673	/2@289948	16	W	ミスティフレイズ	
674	/2@289972	14	W	ドロップキック	
675	/2@289988	16	W	ミスティサンダー	
676	/2@290008	20	W	ミスティライトニング	
677	/2@290036	14	W	ロケットキック	
678	/2@290052	14	W	ミスティアイス	
679	/2@290068	16	W	ミスティコールド	
680	/2@290092	14	W	デーモンフレイ	
681	/2@290108	12	W	ナパームボム	
682	/2@290128	8	W	フレイズ	
683	/2@290144	14	W	ブラッディボム	
684	/2@290160	18	W	ブラッディフレイズ	
685	/2@290180	18	W	ブラッディストーム	
686	/2@290204	12	W	ライトニング	
687	/2@290224	18	W	スコルピオンテイル	
688	/2@290244	16	W	メガライトニング	
689	/2@290268	16	W	ウィンドストーム	
690	/2@290296	16	W	ラウンドスライス	
691	/2@290320	18	W	ラウンドスラッシュ	
692	/2@290348	14	W	プレスクエイク	
693	/2@290368	14	W	ガイヤクエイク	
694	/2@290388	16	W	ブレストクエイク	
695	/2@290408	14	W	ライフチャージ	
696	/2@290428	14	W	フリーズランス	
697	/2@290444	10	W	ヒーリング	
698	/2@290460	12	W	フレアボルト	
699	/2@290476	10	W	ヒーリング	
700	/2@290492	14	W	エアハリケーン	
701	/2@290516	18	W	コズミックレーザー	
702	/2@290540	16	W	グラビトンビーム	
703	/2@290560	12	W	アイスソード	
704	/2@290576	6	W	フレイ	
705	/2@290584	8	W	フレイズ	
706	/2@290596	10	W	ダークネス	
707	/2@290612	18	W	パラライズウェイブ	
708	/2@290632	16	W	ドレインブリット	
709	/2@290660	16	W	クレイジーノイズ	
710	/2@290684	14	W	ホーンアタック	
711	/2@290700	14	W	パワークエイク	
712	/2@290720	14	W	ゴルゴンホーン	
713	/2@290736	16	W	ゴルゴンストーン	
714	/2@290760	18	W	バッファローホーン	
715	/2@290784	14	W	ギブアストーン	
716	/2@290800	16	W	テイルトラングル	
717	/2@290820	12	W	ライトニング	
718	/2@290840	12	W	チャームアイ	
719	/2@290856	16	W	テイルバインダー	
720	/2@290876	14	W	フリーズソード	
721	/2@290896	16	W	スクリューパンチ	
722	/2@290920	16	W	アトミックパンチ	
723	/2@290944	14	W	ロケットパンチ	
724	/2@290964	16	W	ロケットマグナム	
725	/2@290984	18	W	ストーンフラッシュ	
726	/2@291008	16	W	ファイヤーブレス	
727	/2@291036	12	W	スタンポーラ	
728	/2@291056	16	W	スクリュータング	
729	/2@291080	18	W	ストームスクリーム	
730	/2@291100	8	W	チャーム	
731	/2@291120	18	W	マーシャルラッシュ	
732	/2@291144	16	W	ジャッカルキック	
733	/2@291172	12	W	デッドアロー	
734	/2@291192	12	W	マッドアロー	
735	/2@291212	18	W	ミサイルダイビング	
736	/2@291236	10	W	パラボルト	
737	/2@291252	12	W	アイスハンド	
738	/2@291272	14	W	フレイズタッチ	
739	/2@291292	18	W	アックスブーメラン	
740	/2@291312	14	W	ジョークダンス	
741	/2@291332	16	W	アックスショット	
742	/2@291364	18	W	パラライズクラウド	
743	/2@291388	16	W	ボイズンクラウド	
744	/2@291416	14	W	ハンマーテイル	
745	/2@291436	18	W	ソリッドストライク	
746	/2@291456	20	W	クラッシュラウンダー	
747	/2@291488	16	W	ローズフレーバー	
748	/2@291512	14	W	ポイズンミスト	
749	/2@291544	18	W	デンジャランス光線	
750	/2@291568	16	W	スペリオール光線	
751	/2@291592	18	W	ブラッドトルネード	
752	/2@291616	16	W	エナジーブレイク	
753	/2@291640	10	W	フレイボム	
754	/2@291652	16	W	フレイズゲイザー	
755	/2@291676	14	W	デスインパクト	
756	/2@291692	14	W	デモンズミラー	
757	/2@291708	16	W	ドラゴンゲイザー	
758	/2@291728	8	W	闇の再生	
759	/2@291744	18	W	フレイズトルネード	
760	/2@291764	8	W	闇の再生	
761	/2@291776	18	W	ジェノサイドエッジ	
762	/2@291796	16	W	ギルティフレイズ	
763	/2@291816	18	W	ライオットクライム	
764	/2@291836	14	W	ワームアタック	
765	/2@291852	12	W	デモンリップ	
766	/2@291868	14	W	アイスプリズン	
767	/2@291884	18	W	サテライトグレイブ	
768	/2@291904	8	W	闇の再生	
769	/2@291916	12	W	アイスソード	
770	/2@291932	12	W	アイスランス	
771	/2@291948	12	W	フレイムボム	
772	/2@291964	6	W	イヤシ	
773	/2@291972	16	W	マスターガイスト	
774	/2@291992	8	W	フレイム	
775	/2@292004	10	W	ブリザード	
776	/2@292016	8	W	ブラウン	
777	/2@292028	8	W	エルノラ	
778	/2@292040	6	W	人面蝶	
779	/2@292048	6	W	告死蝶	
780	/2@292056	10	W	ハングリル	
781	/2@292068	12	W	ハングルマン	
782	/2@292084	14	W	シビルワーカー	
783	/2@292100	16	W	フレイムガーター	
784	/2@292120	16	W	ドレインガーター	
785	/2@292140	4	W	ギア	
786	/2@292148	8	W	バブーン	
787	/2@292160	6	W	大海獣	
788	/2@292168	10	W	グリズリー	
789	/2@292180	12	W	カニバルベア	
790	/2@292196	12	W	ボーパルベア	
791	/2@292212	14	W	ハニーデーモン	
792	/2@292228	14	W	ソウルイーター	
793	/2@292244	16	W	インセクトボラス	
794	/2@292264	10	W	クロウラー	
795	/2@292276	10	W	キルサイズ	
796	/2@292288	16	W	キラーマンティス	
797	/2@292308	16	W	ニードルフェザー	
798	/2@292328	12	W	ヘルコンドル	
799	/2@292344	10	W	バルチャー	
800	/2@292356	14	W	ヒートコンドル	
801	/2@292372	12	W	エルモフレア	
802	/2@292388	12	W	アイスフレア	
803	/2@292404	12	W	ソウルフレア	
804	/2@292420	16	W	タイガーグローブ	
805	/2@292440	16	W	ボックスグローブ	
806	/2@292460	16	W	ノーチルドラゴン	
807	/2@292480	14	W	レッドノーチル	
808	/2@292496	8	W	コアトル	
809	/2@292508	10	W	ワイアーム	
810	/2@292520	10	W	ククルカン	
811	/2@292532	6	W	インプ	
812	/2@292540	10	W	グレムリン	
813	/2@292552	12	W	アイスインプ	
814	/2@292568	16	W	レッサーデーモン	
815	/2@292588	10	W	ガーゴイル	
816	/2@292600	8	W	バルログ	
817	/2@292612	8	W	キマイラ	
818	/2@292624	12	W	マンティコア	
819	/2@292640	10	W	マラカイト	
820	/2@292652	12	W	デビルナイト	
821	/2@292668	12	W	ディーナイト	
822	/2@292684	14	W	ナイトパーサー	
823	/2@292700	12	W	ガードナイト	
824	/2@292716	8	W	プルート	
825	/2@292728	14	W	ライオンヘッド	
826	/2@292744	14	W	エビルビースト	
827	/2@292760	10	W	ワイズマン	
828	/2@292772	6	W	ウィズ	
829	/2@292780	4	W	ジン	
830	/2@292788	14	W	サテライトアイ	
831	/2@292804	12	W	メルクリウス	
832	/2@292820	12	W	パープルアイ	
833	/2@292836	6	W	マスク	
834	/2@292844	16	W	バンパイヤバット	
835	/2@292864	6	W	バット	
836	/2@292872	16	W	ゴールデンバット	
837	/2@292892	12	W	ミノタウロス	
838	/2@292908	8	W	ゴルゴン	
839	/2@292920	12	W	バッファロー	
840	/2@292936	6	W	ラミア	
841	/2@292944	14	W	フロストラミア	
842	/2@292960	8	W	ゴーレム	
843	/2@292972	12	W	ジャイアント	
844	/2@292988	16	W	フレイムアーマー	
845	/2@293008	12	W	サイクロプス	
846	/2@293024	10	W	タイラント	
847	/2@293036	16	W	エビルダイナソア	
848	/2@293056	12	W	リザードマン	
849	/2@293072	16	W	ブラックリザード	
850	/2@293092	8	W	カーリー	
851	/2@293104	12	W	ハウンドマン	
852	/2@293120	16	W	マーシャルドッグ	
853	/2@293140	16	W	ウェアジャッカル	
854	/2@293160	6	W	ゾンビ	
855	/2@293168	14	W	リビングデッド	
856	/2@293184	10	W	マッドマン	
857	/2@293196	10	W	シーダート	
858	/2@293208	14	W	スパークジェル	
859	/2@293224	12	W	アイスジェル	
860	/2@293240	6	W	グレル	
861	/2@293248	10	W	ケイブマン	
862	/2@293260	16	W	バトラーゴースト	
863	/2@293280	16	W	アックスバトラー	
864	/2@293300	16	W	サンダーマッシュ	
865	/2@293320	16	W	ブレイクマッシュ	
866	/2@293340	14	W	キラーマッシュ	
867	/2@293356	12	W	ビートルメン	
868	/2@293372	14	W	ハンマーライノ	
869	/2@293388	16	W	ソリッドウォーム	
870	/2@293408	12	W	ハニーデビル	
871	/2@293424	14	W	ブラッドローズ	
872	/2@293440	16	W	ポイズンファング	
873	/2@293460	8	W	ゴースト	
874	/2@293472	12	W	ガスクラウド	
875	/2@293488	10	W	ファントム	
876	/2@293500	8	W	トルソー	
877	/2@293512	16	W	トルソー・エース	
878	/2@293532	6	W	ワイト	
879	/2@293540	6	W	レイス	
880	/2@293548	6	W	カロン	
881	/2@293556	10	W	メンフィス	
882	/2@293568	16	W	ゲートメンフィス	
883	/2@293588	6	W	バルア	
884	/2@293596	12	W	バルアスター	
885	/2@293612	6	W	ウィン	
886	/2@303238	2	H	ｯｨ	
887	/2@303330	2	H	ﾎﾔ	
888	/2@311442	2	H	ﾚｬ	
