#위치	예산	JP	KO — ui.tsv 에서 빠졌던 것(앞 바이트가 NUL 아님)
/0@2316	16	さよなら魔法学園	안녕 마법학원
/0@4692	13	選択テーマ:%s	선택 테마:%s
/0@6516	26	マルチプレイヤー画面に戻る	멀티플레이어 화면으로
/0@7584	20	（初期化しています）	（초기화 중）
/0@8265	18	はい        いいえ	예          아니요
/1@86148	14	回復対象を選択	회복 대상 선택
/1@94388	22	　はい　　　　 いいえ 	　예　　　　　 아니요
/1@94792	13	選択テーマ:%s	선택 테마:%s
/1@95548	26	バックアップＲＡＭに正しく	백업ＲＡＭ에 제대로
/1@96932	18	ゲームの設定を変更	게임 설정 변경
/1@98520	8	サウンド	사운드
/1@99004	18	メッセージスピード	메시지 속도
/1@99024	6	遅　い	느림
/1@99032	6	普　通	보통
/1@99040	6	速　い	빠름
/1@99540	18	戦闘カーソルタイプ	전투 커서 타입
/1@99560	6	固　定	고정
/1@99940	7	現在:%s	현재:%s
/1@100492	8	魔　　法	마　　법
/1@100512	6	魔　法	마　법
/1@101564	6	経験値	경험치
/1@102260	26	覚えている魔法はありません	익힌 마법이 없습니다
/1@103204	12	取得アイテム	획득 아이템
/2@139172	14	あぁれぇぇ～～	으아아아～～
/2@257016	4	闘束
/2@284460	6	フレイ	프레이
